大分类,小分类,图片
Definizioni generali e doveri nell'uso della strada,carreggiata a doppio senso di circolazione,https://www.patentati.it/img_sign_400/550.png
Definizioni generali e doveri nell'uso della strada,strada a tre corsie per ogni senso di marcia,https://www.patentati.it/img_sign_400/552.png
Definizioni generali e doveri nell'uso della strada,strada a tre carreggiate,https://www.patentati.it/img_sign_400/562.png
Definizioni generali e doveri nell'uso della strada,attraversamento pedonale,无图片
Definizioni generali e doveri nell'uso della strada,strade extraurbane principali,无图片
Definizioni generali e doveri nell'uso della strada,isola di traffico,无图片
Definizioni generali e doveri nell'uso della strada,intersezione (incrocio) a livelli sfalsati,无图片
Definizioni generali e doveri nell'uso della strada,intersezione (incrocio) a raso,无图片
Definizioni generali e doveri nell'uso della strada,zona a traffico limitato,无图片
Definizioni generali e doveri nell'uso della strada,passaggio a livello,无图片
Definizioni generali e doveri nell'uso della strada,aree pedonali,无图片
Definizioni generali e doveri nell'uso della strada,"strada, definizione e caratteristiche",无图片
Definizioni generali e doveri nell'uso della strada,"autostrada, definizione e caratteristiche",无图片
Definizioni generali e doveri nell'uso della strada,"carreggiata, definizione e caratteristiche",无图片
Definizioni generali e doveri nell'uso della strada,le parti della carreggiata,无图片
Definizioni generali e doveri nell'uso della strada,"corsia, definizione e caratteristiche",无图片
Definizioni generali e doveri nell'uso della strada,corsia di accelerazione,无图片
Definizioni generali e doveri nell'uso della strada,corsia di decelerazione,无图片
Definizioni generali e doveri nell'uso della strada,"banchina, significato e caratteristiche",无图片
Definizioni generali e doveri nell'uso della strada,marciapiede,无图片
Definizioni generali e doveri nell'uso della strada,salvagente,无图片
Definizioni generali e doveri nell'uso della strada,passo carrabile,无图片
Definizioni generali e doveri nell'uso della strada,ciclomotori,无图片
Definizioni generali e doveri nell'uso della strada,tricicli a motore,无图片
Definizioni generali e doveri nell'uso della strada,quadricicli,无图片
Definizioni generali e doveri nell'uso della strada,macchine agricole e operatrici,无图片
Definizioni generali e doveri nell'uso della strada,"caravan, significato e caratteristiche",无图片
Definizioni generali e doveri nell'uso della strada,autocaravan,无图片
Definizioni generali e doveri nell'uso della strada,strisce e pannelli retroriflettenti,https://www.patentati.it/img_sign_400/304.png
Definizioni generali e doveri nell'uso della strada,"motocicli, significato e caratteristiche",无图片
Definizioni generali e doveri nell'uso della strada,autoveicoli,无图片
Definizioni generali e doveri nell'uso della strada,autovetture,无图片
Definizioni generali e doveri nell'uso della strada,"rimorchi, significato e caratteristiche",无图片
Definizioni generali e doveri nell'uso della strada,traffico intenso,无图片
Definizioni generali e doveri nell'uso della strada,file di veicoli,无图片
Definizioni generali e doveri nell'uso della strada,centri abitati,无图片
Definizioni generali e doveri nell'uso della strada,spostamenti segnaletica stradale,无图片
Definizioni generali e doveri nell'uso della strada,gare di velocità,无图片
Definizioni generali e doveri nell'uso della strada,inquinamento delle strade,无图片
Definizioni generali e doveri nell'uso della strada,comportamento del conducente,无图片
Definizioni generali e doveri nell'uso della strada,attenzione del conducente,无图片
Definizioni generali e doveri nell'uso della strada,prudenza del conducente,无图片
Definizioni generali e doveri nell'uso della strada,persone anziane,无图片
Definizioni generali e doveri nell'uso della strada,conducente e precedenze,无图片
Definizioni generali e doveri nell'uso della strada,vicinanza attraversamento pedonale,无图片
Definizioni generali e doveri nell'uso della strada,bambini al semaforo,无图片
Definizioni generali e doveri nell'uso della strada,guida veicolo e piazzole,无图片
Definizioni generali e doveri nell'uso della strada,taxi e conducente,无图片
Definizioni generali e doveri nell'uso della strada,ciclisti o pedoni,无图片
Definizioni generali e doveri nell'uso della strada,donne in gravidanza e carrozzine,无图片
Segnali di pericolo,strada dissestata,https://www.patentati.it/img_sign_400/1.png
Segnali di pericolo,segnale di dosso,https://www.patentati.it/img_sign_400/2.png
Segnali di pericolo,segnale di cunetta,https://www.patentati.it/img_sign_400/3.png
Segnali di pericolo,curva pericolosa a destra,https://www.patentati.it/img_sign_400/4.png
Segnali di pericolo,curva pericolosa a sinistra,https://www.patentati.it/img_sign_400/5.png
Segnali di pericolo,"doppia curva pericolosa, la prima a destra",https://www.patentati.it/img_sign_400/6.png
Segnali di pericolo,"doppia curva pericolosa, la prima a sinistra",https://www.patentati.it/img_sign_400/7.png
Segnali di pericolo,passaggio a livello con barriere,https://www.patentati.it/img_sign_400/8.png
Segnali di pericolo,attraversamento ferroviario a livello senza barriere,https://www.patentati.it/img_sign_400/9.png
Segnali di pericolo,croce di sant'andrea,https://www.patentati.it/img_sign_400/10.png
Segnali di pericolo,doppia croce di sant'andrea,https://www.patentati.it/img_sign_400/11.png
Segnali di pericolo,pannelli passaggio a livello,https://www.patentati.it/img_sign_400/13.png
Segnali di pericolo,attraversamento tram,https://www.patentati.it/img_sign_400/14.png
Segnali di pericolo,attraversamento pedoni,https://www.patentati.it/img_sign_400/15.png
Segnali di pericolo,attraversamento ciclabile,https://www.patentati.it/img_sign_400/16.png
Segnali di pericolo,discesa pericolosa,https://www.patentati.it/img_sign_400/17.png
Segnali di pericolo,salita ripida,https://www.patentati.it/img_sign_400/18.png
Segnali di pericolo,restringimento carreggiata,https://www.patentati.it/img_sign_400/19.png
Segnali di pericolo,restringimento sulla sinistra,https://www.patentati.it/img_sign_400/20.png
Segnali di pericolo,restringimento sulla destra,https://www.patentati.it/img_sign_400/21.png
Segnali di pericolo,ponte mobile,https://www.patentati.it/img_sign_400/22.png
Segnali di pericolo,strada sdrucciolevole,https://www.patentati.it/img_sign_400/24.png
Segnali di pericolo,attenzione bambini in zona,https://www.patentati.it/img_sign_400/25.png
Segnali di pericolo,attraversamento animali domestici,https://www.patentati.it/img_sign_400/26.png
Segnali di pericolo,attraversamento animali selvatici,https://www.patentati.it/img_sign_400/27.png
Segnali di pericolo,doppio senso di circolazione,https://www.patentati.it/img_sign_400/28.png
Segnali di pericolo,banchina portuale,https://www.patentati.it/img_sign_400/30.png
Segnali di pericolo,presenza pietrisco,https://www.patentati.it/img_sign_400/31.png
Segnali di pericolo,caduta massi da sinistra,https://www.patentati.it/img_sign_400/32.png
Segnali di pericolo,caduta massi da destra,https://www.patentati.it/img_sign_400/33.png
Segnali di pericolo,semaforo verticale,https://www.patentati.it/img_sign_400/34.png
Segnali di pericolo,presenza aeroplani,https://www.patentati.it/img_sign_400/36.png
Segnali di pericolo,raffiche di vento,https://www.patentati.it/img_sign_400/37.png
Segnali di pericolo,pericolo di incendio,https://www.patentati.it/img_sign_400/38.png
Segnali di pericolo,circolazione rotatoria,https://www.patentati.it/img_sign_400/29.png
Segnali di pericolo,pericolo generico,https://www.patentati.it/img_sign_400/39.png
Segnali di pericolo,banchina cedevole,https://www.patentati.it/img_sign_400/23.png
Segnali di pericolo,semaforo orizzontale,https://www.patentati.it/img_sign_400/35.png
Segnali di divieto,divieto di transito,https://www.patentati.it/img_sign_400/54.png
Segnali di divieto,senso vietato,https://www.patentati.it/img_sign_400/55.png
Segnali di divieto,divieto di sorpasso,https://www.patentati.it/img_sign_400/56.png
Segnali di divieto,obbligo di distanza,https://www.patentati.it/img_sign_400/57.png
Segnali di divieto,limite velocità 80 km/h,https://www.patentati.it/img_sign_400/58.png
Segnali di divieto,divieto clacson,https://www.patentati.it/img_sign_400/59.png
Segnali di divieto,"sorpasso per mezzi di oltre 3,5 t",https://www.patentati.it/img_sign_400/60.png
Segnali di divieto,divieto transito veicoli a trazione animale,https://www.patentati.it/img_sign_400/61.png
Segnali di divieto,divieto transito pedoni,https://www.patentati.it/img_sign_400/62.png
Segnali di divieto,divieto transito biciclette,https://www.patentati.it/img_sign_400/63.png
Segnali di divieto,divieto transito motocicli,https://www.patentati.it/img_sign_400/64.png
Segnali di divieto,divieto transito veicoli a braccia,https://www.patentati.it/img_sign_400/65.png
Segnali di divieto,divieto transito autoveicoli,https://www.patentati.it/img_sign_400/66.png
Segnali di divieto,divieto transito autobus,https://www.patentati.it/img_sign_400/67.png
Segnali di divieto,divieto transito mezzi pesanti,https://www.patentati.it/img_sign_400/68.png
Segnali di divieto,"divieto mezzi superiori a 6,5 t",https://www.patentati.it/img_sign_400/69.png
Segnali di divieto,divieto transito veicoli con rimorchio,https://www.patentati.it/img_sign_400/70.png
Segnali di divieto,divieto transito macchine agricole,https://www.patentati.it/img_sign_400/71.png
Segnali di divieto,divieto transito veicoli che trasportano merci pericolose,https://www.patentati.it/img_sign_400/72.png
Segnali di divieto,divieto transito veicoli che trasportano esplosivi,https://www.patentati.it/img_sign_400/73.png
Segnali di divieto,divieto transito veicoli con sostanze inquinanti le acque,https://www.patentati.it/img_sign_400/74.png
Segnali di divieto,"divieto transito veicoli larghi più di 2,30 m",https://www.patentati.it/img_sign_400/75.png
Segnali di divieto,"divieto transito veicoli alti più di 3,5 m",https://www.patentati.it/img_sign_400/76.png
Segnali di divieto,divieto transito veicoli superiori a 10 m,https://www.patentati.it/img_sign_400/77.png
Segnali di divieto,divieto transito veicoli superiori a 7 t,https://www.patentati.it/img_sign_400/78.png
Segnali di divieto,"divieto transito veicoli con massa per asse superiore a 2,5 t",https://www.patentati.it/img_sign_400/79.png
Segnali di divieto,segnale di fine prescrizione,https://www.patentati.it/img_sign_400/80.png
Segnali di divieto,fine prescrizione 50 km/h,https://www.patentati.it/img_sign_400/81.png
Segnali di divieto,fine del divieto di sorpasso,https://www.patentati.it/img_sign_400/82.png
Segnali di divieto,"fine divieto sorpasso per mezzi sopra 3,5 t",https://www.patentati.it/img_sign_400/83.png
Segnali di divieto,divieto di sosta,https://www.patentati.it/img_sign_400/84.png
Segnali di divieto,divieto di fermata,https://www.patentati.it/img_sign_400/85.png
Segnali di divieto,area di parcheggio,https://www.patentati.it/img_sign_400/86.png
Segnali di divieto,preannuncio area di parcheggio,https://www.patentati.it/img_sign_400/89.png
Segnali di divieto,divieto sosta per passo carrabile,https://www.patentati.it/img_sign_400/90.png
Segnali di divieto,divieto di sosta contrassegno persone invalide,https://www.patentati.it/img_sign_400/91.png
Segnali di divieto,regolazione sosta,https://www.patentati.it/img_sign_400/92.png
Segnali di divieto,divieto di sosta temporaneo,https://www.patentati.it/img_sign_400/148.png
Segnali di divieto,divieto transito autotreni ed autoarticolati,https://www.patentati.it/img_sign_400/151.png
Segnali di obbligo,preavviso direzione obbligatoria a sinistra,https://www.patentati.it/img_sign_400/97.png
Segnali di obbligo,direzione obbligatoria dritto,https://www.patentati.it/img_sign_400/93.png
Segnali di obbligo,direzione obbligatoria sinistra,https://www.patentati.it/img_sign_400/94.png
Segnali di obbligo,direzione obbligatoria destra,https://www.patentati.it/img_sign_400/95.png
Segnali di obbligo,preavviso direzione obbligatoria a destra,https://www.patentati.it/img_sign_400/96.png
Segnali di obbligo,direzioni consentite destra e sinistra,https://www.patentati.it/img_sign_400/98.png
Segnali di obbligo,direzioni consentite dritto e destra,https://www.patentati.it/img_sign_400/99.png
Segnali di obbligo,direzioni consentite dritto e sinistra,https://www.patentati.it/img_sign_400/100.png
Segnali di obbligo,passaggio a sinistra,https://www.patentati.it/img_sign_400/101.png
Segnali di obbligo,passaggio destra,https://www.patentati.it/img_sign_400/102.png
Segnali di obbligo,passaggio a destra e sinistra,https://www.patentati.it/img_sign_400/103.png
Segnali di obbligo,segnale di rotatoria,https://www.patentati.it/img_sign_400/104.png
Segnali di obbligo,limite minimo di velocità,https://www.patentati.it/img_sign_400/105.png
Segnali di obbligo,fine limite minimo di velocità,https://www.patentati.it/img_sign_400/106.png
Segnali di obbligo,obbligo di catene o pneumatici da neve,https://www.patentati.it/img_sign_400/107.png
Segnali di obbligo,percorso pedonale,https://www.patentati.it/img_sign_400/108.png
Segnali di obbligo,fine percorso pedonale,https://www.patentati.it/img_sign_400/109.png
Segnali di obbligo,percorso riservato a biciclette,https://www.patentati.it/img_sign_400/110.png
Segnali di obbligo,fine percorso riservato a biciclette,https://www.patentati.it/img_sign_400/111.png
Segnali di obbligo,pista ciclabile accanto a marciapiede,https://www.patentati.it/img_sign_400/112.png
Segnali di obbligo,percorso unico per pedoni e ciclisti,https://www.patentati.it/img_sign_400/113.png
Segnali di obbligo,fine pista ciclabile accanto a marciapiede,https://www.patentati.it/img_sign_400/114.png
Segnali di obbligo,fine percorso unico per pedoni e ciclisti,https://www.patentati.it/img_sign_400/115.png
Segnali di obbligo,percorso per animali da sella o da soma,https://www.patentati.it/img_sign_400/116.png
Segnali di obbligo,fine percorso per animali da sella o da soma,https://www.patentati.it/img_sign_400/117.png
Segnali di obbligo,alt dogana,https://www.patentati.it/img_sign_400/118.png
Segnali di obbligo,alt polizia,https://www.patentati.it/img_sign_400/119.png
Segnali di obbligo,alt stazione,https://www.patentati.it/img_sign_400/120.png
Segnali di obbligo,obbligo di svolta per veicoli pesanti,https://www.patentati.it/img_sign_400/150.png
Segnali di precedenza,dare precedenza,https://www.patentati.it/img_sign_400/40.png
Segnali di precedenza,fermarsi e dare precedenza,https://www.patentati.it/img_sign_400/41.png
Segnali di precedenza,preavviso di precedenza,https://www.patentati.it/img_sign_400/42.png
Segnali di precedenza,preavviso di fermarsi e dare precedenza,https://www.patentati.it/img_sign_400/43.png
Segnali di precedenza,incrocio con precedenza a destra,https://www.patentati.it/img_sign_400/44.png
Segnali di precedenza,dare precedenza nei sensi unici alternati,https://www.patentati.it/img_sign_400/45.png
Segnali di precedenza,fine diritto precedenza,https://www.patentati.it/img_sign_400/46.png
Segnali di precedenza,incrocio con diritto di precedenza,https://www.patentati.it/img_sign_400/47.png
Segnali di precedenza,intersezione a T da destra,https://www.patentati.it/img_sign_400/48.png
Segnali di precedenza,intersezione a T da sinistra,https://www.patentati.it/img_sign_400/49.png
Segnali di precedenza,confluenza da destra,https://www.patentati.it/img_sign_400/50.png
Segnali di precedenza,confluenza da sinistra,https://www.patentati.it/img_sign_400/51.png
Segnali di precedenza,strada con diritto di precedenza,https://www.patentati.it/img_sign_400/52.png
Segnali di precedenza,diritto di precedenza nei sensi unici alternati,https://www.patentati.it/img_sign_400/53.png
Segnaletica orizzontale e segni sugli ostacoli,striscia bianca discontinua,https://www.patentati.it/img_sign_400/502.png
Segnaletica orizzontale e segni sugli ostacoli,strisce della strada,无图片
Segnaletica orizzontale e segni sugli ostacoli,doppia striscia continua,https://www.patentati.it/img_sign_400/509.png
Segnaletica orizzontale e segni sugli ostacoli,strisce curve discontinue,https://www.patentati.it/img_sign_400/543.png
Segnaletica orizzontale e segni sugli ostacoli,frecce direzionali,https://www.patentati.it/img_sign_400/547.png
Segnaletica orizzontale e segni sugli ostacoli,isole che regolano il traffico,https://www.patentati.it/img_sign_400/595.png
Segnaletica orizzontale e segni sugli ostacoli,striscia continua centrale,https://www.patentati.it/img_sign_400/567.png
Segnaletica orizzontale e segni sugli ostacoli,striscia discontinua centrale,https://www.patentati.it/img_sign_400/566.png
Segnaletica orizzontale e segni sugli ostacoli,segni gialli e neri,https://www.patentati.it/img_sign_400/670.png
Segnaletica orizzontale e segni sugli ostacoli,zona di fermata autobus,https://www.patentati.it/img_sign_400/546.png
Segnaletica orizzontale e segni sugli ostacoli,strisce di guida,https://www.patentati.it/img_sign_400/596.png
Segnaletica orizzontale e segni sugli ostacoli,corsie di arresto,https://www.patentati.it/img_sign_400/574.png
Segnaletica orizzontale e segni sugli ostacoli,corsie di preselezione,https://www.patentati.it/img_sign_400/564.png
Segnaletica orizzontale e segni sugli ostacoli,corsie di preselezione su strada a doppio senso,https://www.patentati.it/img_sign_400/565.png
Segnaletica orizzontale e segni sugli ostacoli,bordo marciapiede,https://www.patentati.it/img_sign_400/670.png
Segnaletica orizzontale e segni sugli ostacoli,regolamenti della segnaletica orizzontale,无图片
Segnaletica orizzontale e segni sugli ostacoli,striscia bianca discontinua per strada a senso unico,https://www.patentati.it/img_sign_400/502.png
Segnaletica orizzontale e segni sugli ostacoli,strisce pedonali,https://www.patentati.it/img_sign_400/517.png
Segnaletica orizzontale e segni sugli ostacoli,striscia di arresto,https://www.patentati.it/img_sign_400/563.png
Segnaletica orizzontale e segni sugli ostacoli,striscia bianca discontinua per strade a doppio senso di circolazione,https://www.patentati.it/img_sign_400/502.png
Segnaletica orizzontale e segni sugli ostacoli,carreggiata doppio senso circolazione,无图片
Segnaletica orizzontale e segni sugli ostacoli,striscia bianca continua,https://www.patentati.it/img_sign_400/501.png
Segnaletica orizzontale e segni sugli ostacoli,dispositivi ed elementi della strada,https://www.patentati.it/img_sign_400/528.png
Segnaletica orizzontale e segni sugli ostacoli,striscia bianca laterale,https://www.patentati.it/img_sign_400/513.png
Segnaletica orizzontale e segni sugli ostacoli,segnaletica di passaggio a livello,https://www.patentati.it/img_sign_400/531.png
Segnaletica orizzontale e segni sugli ostacoli,corsia di emergenza,https://www.patentati.it/img_sign_400/553.png
Segnaletica orizzontale e segni sugli ostacoli,striscia trasversale continua,https://www.patentati.it/img_sign_400/563.png
Segnalazioni semaforiche e degli agenti del traffico,luce rossa semaforo,https://www.patentati.it/img_sign_400/154.png
Segnalazioni semaforiche e degli agenti del traffico,luce verde semaforo,https://www.patentati.it/img_sign_400/154.png
Segnalazioni semaforiche e degli agenti del traffico,semafori di corsia,https://www.patentati.it/img_sign_400/155.png
Segnalazioni semaforiche e degli agenti del traffico,luce gialla semaforo,https://www.patentati.it/img_sign_400/154.png
Segnalazioni semaforiche e degli agenti del traffico,luce gialla lampeggiante,https://www.patentati.it/img_sign_400/154.png
Segnalazioni semaforiche e degli agenti del traffico,luci rosse lampeggianti,https://www.patentati.it/img_sign_400/162.png
Segnalazioni semaforiche e degli agenti del traffico,semaforo veicoli trasporto pubblico,https://www.patentati.it/img_sign_400/156.png
Segnalazioni semaforiche e degli agenti del traffico,regole del semaforo,https://www.patentati.it/img_sign_400/154.png
Segnalazioni semaforiche e degli agenti del traffico,luci di passaggio a livello,https://www.patentati.it/img_sign_400/162.png
Segnalazioni semaforiche e degli agenti del traffico,semafori per corsie reversibili,https://www.patentati.it/img_sign_400/159.png
Segnalazioni semaforiche e degli agenti del traffico,semaforo per pedoni,https://www.patentati.it/img_sign_400/157.png
Segnalazioni semaforiche e degli agenti del traffico,semaforo per biciclette,https://www.patentati.it/img_sign_400/158.png
Segnalazioni semaforiche e degli agenti del traffico,luci lampeggianti,https://www.patentati.it/img_sign_400/160.png
Segnalazioni semaforiche e degli agenti del traffico,semafori di onda verde,https://www.patentati.it/img_sign_400/161.png
Segnalazioni semaforiche e degli agenti del traffico,agenti di traffico,无图片
Segnalazioni semaforiche e degli agenti del traffico,addetti polizia postale,无图片
Segnalazioni semaforiche e degli agenti del traffico,posizione vigile come luce rossa,https://www.patentati.it/img_sign_400/383.png
Segnalazioni semaforiche e degli agenti del traffico,posizione vigile come luce verde,https://www.patentati.it/img_sign_400/384.png
Segnalazioni semaforiche e degli agenti del traffico,posizione vigile come luce gialla,https://www.patentati.it/img_sign_400/385.png
Segnalazioni semaforiche e degli agenti del traffico,vigile con braccia ad angolo retto,https://www.patentati.it/img_sign_400/386.png
Segnalazioni semaforiche e degli agenti del traffico,fischietto,无图片
Segnalazioni semaforiche e degli agenti del traffico,vicinanze passaggio a livello,无图片
Segnali di indicazione,segnale di conferma autostradale,https://www.patentati.it/img_sign_400/184.png
Segnali di indicazione,itinerario internazionale,https://www.patentati.it/img_sign_400/199.png
Segnali di indicazione,strada statale,https://www.patentati.it/img_sign_400/201.png
Segnali di indicazione,strada comunale,https://www.patentati.it/img_sign_400/203.png
Segnali di indicazione,area campeggio,https://www.patentati.it/img_sign_400/260.png
Segnali di indicazione,comando polizia stradale,https://www.patentati.it/img_sign_400/274.png
Segnali di indicazione,senso unico frontale,https://www.patentati.it/img_sign_400/153.png
Segnali di indicazione,strada a senso unico,https://www.patentati.it/img_sign_400/152.png
Segnali di indicazione,progressiva distanziometrica autostradale,https://www.patentati.it/img_sign_400/206.png
Segnali di indicazione,area sosta taxi,https://www.patentati.it/img_sign_400/272.png
Segnali di indicazione,telefono pubblico,https://www.patentati.it/img_sign_400/253.png
Segnali di indicazione,area rifornimento carburante,https://www.patentati.it/img_sign_400/254.png
Segnali di indicazione,preavviso deviazione temporanea,https://www.patentati.it/img_sign_400/282.png
Segnali di indicazione,preavviso di incrocio urbano,https://www.patentati.it/img_sign_400/166.png
Segnali di indicazione,incroci ravvicinati urbani,https://www.patentati.it/img_sign_400/167.png
Segnali di indicazione,incrocio urbano con circolazione rotatoria,https://www.patentati.it/img_sign_400/168.png
Segnali di indicazione,preavviso incrocio con limitazione traffico per autocarri,https://www.patentati.it/img_sign_400/169.png
Segnali di indicazione,preavviso di incrocio extraurbano,https://www.patentati.it/img_sign_400/170.png
Segnali di indicazione,preselezione extraurbana,https://www.patentati.it/img_sign_400/171.png
Segnali di indicazione,preselezione urbana,https://www.patentati.it/img_sign_400/172.png
Segnali di indicazione,ingresso ospedale,https://www.patentati.it/img_sign_400/214.png
Segnali di indicazione,preavviso di diramazione autostradale,https://www.patentati.it/img_sign_400/173.png
Segnali di indicazione,preavviso di diramazione urbana,https://www.patentati.it/img_sign_400/174.png
Segnali di indicazione,itinerario extraurbano,https://www.patentati.it/img_sign_400/182.png
Segnali di indicazione,fine centro abitato,https://www.patentati.it/img_sign_400/183.png
Segnali di indicazione,inizio area pedonale,https://www.patentati.it/img_sign_400/186.png
Segnali di indicazione,inizio zona a traffico limitato,https://www.patentati.it/img_sign_400/187.png
Segnali di indicazione,segnale di transitabilità,https://www.patentati.it/img_sign_400/189.png
Segnali di indicazione,segnale di intransitabilità,https://www.patentati.it/img_sign_400/193.png
Segnali di indicazione,inizio strada extraurbana principale,https://www.patentati.it/img_sign_400/194.png
Segnali di indicazione,limiti massimi generali di velocità,https://www.patentati.it/img_sign_400/197.png
Segnali di indicazione,identificazione autostrada,https://www.patentati.it/img_sign_400/200.png
Segnali di indicazione,inizio centro abitato,https://www.patentati.it/img_sign_400/207.png
Segnali di indicazione,pronto soccorso,https://www.patentati.it/img_sign_400/210.png
Segnali di indicazione,localizzazione territoriale,https://www.patentati.it/img_sign_400/216.png
Segnali di indicazione,informazioni turistico alberghiere,https://www.patentati.it/img_sign_400/217.png
Segnali di indicazione,attraversamento pedonale non regolato,https://www.patentati.it/img_sign_400/218.png
Segnali di indicazione,segnale scuolabus,https://www.patentati.it/img_sign_400/219.png
Segnali di indicazione,segnale di sos,https://www.patentati.it/img_sign_400/220.png
Segnali di indicazione,strada senza uscita,https://www.patentati.it/img_sign_400/224.png
Segnali di indicazione,preavviso di strada senza uscita,https://www.patentati.it/img_sign_400/225.png
Segnali di indicazione,velocità consigliata,https://www.patentati.it/img_sign_400/226.png
Segnali di indicazione,strada riservata ai veicoli a motore,https://www.patentati.it/img_sign_400/228.png
Segnali di indicazione,inizio galleria,https://www.patentati.it/img_sign_400/230.png
Segnali di indicazione,presenza ponte,https://www.patentati.it/img_sign_400/231.png
Segnali di indicazione,cartello di attraversamento ciclabile,https://www.patentati.it/img_sign_400/236.png
Segnali di indicazione,svolta a sinistra indiretta,https://www.patentati.it/img_sign_400/238.png
Segnali di indicazione,inversione di marcia,https://www.patentati.it/img_sign_400/239.png
Segnali di indicazione,piazzola di sosta,https://www.patentati.it/img_sign_400/240.png
Segnali di indicazione,utilizzo corsie,https://www.patentati.it/img_sign_400/242.png
Segnali di indicazione,velocità minima sulle corsie,https://www.patentati.it/img_sign_400/243.png
Segnali di indicazione,corsia riservata ad autobus,https://www.patentati.it/img_sign_400/245.png
Segnali di indicazione,aumento corsie,https://www.patentati.it/img_sign_400/247.png
Segnali di indicazione,diminuzione corsie,https://www.patentati.it/img_sign_400/248.png
Segnali di indicazione,preavviso deviazione autocarri,https://www.patentati.it/img_sign_400/250.png
Segnali di indicazione,fermata autobus,https://www.patentati.it/img_sign_400/256.png
Segnali di indicazione,parcheggio di scambio con linee di autobus,https://www.patentati.it/img_sign_400/265.png
Segnali di indicazione,auto al seguito,https://www.patentati.it/img_sign_400/270.png
Segnali di indicazione,area attrezzata con impianti di scarico,https://www.patentati.it/img_sign_400/273.png
Segnali di indicazione,officina meccanica,https://www.patentati.it/img_sign_400/252.png
Segnali di indicazione,confine di stato con paese UE,https://www.patentati.it/img_sign_400/163.png
Segnali di indicazione,preavviso confine stato con paese UE,https://www.patentati.it/img_sign_400/164.png
Segnali di indicazione,direzione obbligatoria autotreni,https://www.patentati.it/img_sign_400/284.png
"Segnali complementari, segnali temporanei e di cantiere",numero del tornante,https://www.patentati.it/img_sign_400/144.png
"Segnali complementari, segnali temporanei e di cantiere",direzione autocarri,https://www.patentati.it/img_sign_400/251.png
"Segnali complementari, segnali temporanei e di cantiere",lavori in corso,https://www.patentati.it/img_sign_400/275.png
"Segnali complementari, segnali temporanei e di cantiere",barriera normale,https://www.patentati.it/img_sign_400/276.png
"Segnali complementari, segnali temporanei e di cantiere",cono di delimitazione,https://www.patentati.it/img_sign_400/278.png
"Segnali complementari, segnali temporanei e di cantiere",passaggio obbligatorio per veicoli operativi,https://www.patentati.it/img_sign_400/279.png
"Segnali complementari, segnali temporanei e di cantiere",segnale di cantiere mobile con strettoia,https://www.patentati.it/img_sign_400/280.png
"Segnali complementari, segnali temporanei e di cantiere",Deviazione per mezzi di massa superiore a 7t,https://www.patentati.it/img_sign_400/283.png
"Segnali complementari, segnali temporanei e di cantiere",chiusura corsia di destra,https://www.patentati.it/img_sign_400/285.png
"Segnali complementari, segnali temporanei e di cantiere",uso corsie disponibili,https://www.patentati.it/img_sign_400/288.png
"Segnali complementari, segnali temporanei e di cantiere",delineatori di margine per strade a senso unico,https://www.patentati.it/img_sign_400/289.png
"Segnali complementari, segnali temporanei e di cantiere",delineatori di margine,https://www.patentati.it/img_sign_400/290.png
"Segnali complementari, segnali temporanei e di cantiere",delineatori per gallerie,https://www.patentati.it/img_sign_400/291.png
"Segnali complementari, segnali temporanei e di cantiere",delineatore per strade di montagna,https://www.patentati.it/img_sign_400/292.png
"Segnali complementari, segnali temporanei e di cantiere",delineatore di curva stretta,https://www.patentati.it/img_sign_400/293.png
"Segnali complementari, segnali temporanei e di cantiere",delineatore per incrocio a T,https://www.patentati.it/img_sign_400/294.png
"Segnali complementari, segnali temporanei e di cantiere",delineatore modulare di curva,https://www.patentati.it/img_sign_400/295.png
"Segnali complementari, segnali temporanei e di cantiere",preavviso semaforo,https://www.patentati.it/img_sign_400/297.png
"Segnali complementari, segnali temporanei e di cantiere",delineatore di ostacolo,https://www.patentati.it/img_sign_400/299.png
Pannelli integrativi dei segnali,pannelli di distanza,https://www.patentati.it/img_sign_400/121.png
Pannelli integrativi dei segnali,pannelli di estensione,https://www.patentati.it/img_sign_400/122.png
Pannelli integrativi dei segnali,fascia oraria,https://www.patentati.it/img_sign_400/943.png
Pannelli integrativi dei segnali,fascia oraria nei giorni festivi,https://www.patentati.it/img_sign_400/124.png
Pannelli integrativi dei segnali,fascia oraria nei giorni lavorativi,https://www.patentati.it/img_sign_400/125.png
Pannelli integrativi dei segnali,pannelli di limitazione,https://www.patentati.it/img_sign_400/926.png
Pannelli integrativi dei segnali,pannelli di inizio prescrizione,https://www.patentati.it/img_sign_400/128.png
Pannelli integrativi dei segnali,continuazione prescrizione,https://www.patentati.it/img_sign_400/939.png
Pannelli integrativi dei segnali,pannelli di fine prescrizione,https://www.patentati.it/img_sign_400/944.png
Pannelli integrativi dei segnali,segni orizzontali in rifacimento,https://www.patentati.it/img_sign_400/131.png
Pannelli integrativi dei segnali,presenza di incidente,https://www.patentati.it/img_sign_400/132.png
Pannelli integrativi dei segnali,pannelli di attraversamento binari,https://www.patentati.it/img_sign_400/133.png
Pannelli integrativi dei segnali,sgombraneve in azione,https://www.patentati.it/img_sign_400/134.png
Pannelli integrativi dei segnali,zona soggetta ad allagamento,https://www.patentati.it/img_sign_400/135.png
Pannelli integrativi dei segnali,presenza code,https://www.patentati.it/img_sign_400/136.png
Pannelli integrativi dei segnali,mezzi di lavoro in azione,https://www.patentati.it/img_sign_400/137.png
Pannelli integrativi dei segnali,strada ghiacciata,https://www.patentati.it/img_sign_400/916.png
Pannelli integrativi dei segnali,strada sdrucciolevole per pioggia,https://www.patentati.it/img_sign_400/139.png
Pannelli integrativi dei segnali,autocarri in rallentamento,https://www.patentati.it/img_sign_400/140.png
Pannelli integrativi dei segnali,zona di rimozione,https://www.patentati.it/img_sign_400/141.png
Pannelli integrativi dei segnali,segnale di corsia,https://www.patentati.it/img_sign_400/142.png
Pannelli integrativi dei segnali,presenza tornanti,https://www.patentati.it/img_sign_400/143.png
Pannelli integrativi dei segnali,pulizia strade,https://www.patentati.it/img_sign_400/145.png
Pannelli integrativi dei segnali,andamento della strada principale,https://www.patentati.it/img_sign_400/146.png
Pannelli integrativi dei segnali,pannelli di eccezione,https://www.patentati.it/img_sign_400/967.png
"Limiti di velocità, pericolo e intralcio alla circolazione",il conducente deve regolare la velocità,无图片
"Limiti di velocità, pericolo e intralcio alla circolazione",obbligo di regolazione velocità,无图片
"Limiti di velocità, pericolo e intralcio alla circolazione",riduzione della velocità,无图片
"Limiti di velocità, pericolo e intralcio alla circolazione",limiti massimi di velocità generali,无图片
"Limiti di velocità, pericolo e intralcio alla circolazione",limiti velocità in base all'età,无图片
"Limiti di velocità, pericolo e intralcio alla circolazione",limiti velocità su strade extraurbane principali,无图片
"Limiti di velocità, pericolo e intralcio alla circolazione",regolazione velocità,无图片
"Limiti di velocità, pericolo e intralcio alla circolazione",doveri di velocità,无图片
"Limiti di velocità, pericolo e intralcio alla circolazione",norme sulla velocità,无图片
"Limiti di velocità, pericolo e intralcio alla circolazione",limiti velocità su strade extraurbane secondarie,无图片
"Limiti di velocità, pericolo e intralcio alla circolazione",contrassegni di velocità,https://www.patentati.it/img_sign_400/301.png
"Limiti di velocità, pericolo e intralcio alla circolazione",moderazione della velocità,无图片
"Limiti di velocità, pericolo e intralcio alla circolazione",diminuzione della velocità,无图片
"Limiti di velocità, pericolo e intralcio alla circolazione",limiti particolari di velocità,无图片
"Limiti di velocità, pericolo e intralcio alla circolazione",limiti e incroci,无图片
"Limiti di velocità, pericolo e intralcio alla circolazione",pericolo e intralcio alla circolazione,无图片
"Limiti di velocità, pericolo e intralcio alla circolazione",pallone sulla carreggiata,无图片
"Limiti di velocità, pericolo e intralcio alla circolazione",passaggio vicino ad auto parcheggiate,无图片
"Limiti di velocità, pericolo e intralcio alla circolazione",Comportamenti con passaggio a livello,无图片
Distanza di sicurezza,condizioni da considerare per la distanza di sicurezza,无图片
Distanza di sicurezza,la distanza di sicurezza,无图片
Distanza di sicurezza,distanza in particolari situazioni,无图片
Distanza di sicurezza,distanza e tempo di reazione,无图片
Distanza di sicurezza,distanza minima di sicurezza,无图片
Distanza di sicurezza,distrazione del conducente,无图片
Distanza di sicurezza,spazio percorso al secondo,无图片
Distanza di sicurezza,spazio di frenatura,无图片
Distanza di sicurezza,diminuzione e aumento spazio frenatura,无图片
Distanza di sicurezza,spazio di arresto,无图片
Distanza di sicurezza,aumento spazio di arresto,无图片
Distanza di sicurezza,condizioni che influiscono sulla distanza di sicurezza,无图片
Distanza di sicurezza,la distanza di sicurezza dipende da,无图片
Distanza di sicurezza,metri distanza di sicurezza,无图片
Distanza di sicurezza,distanza e veicoli,无图片
Norme sulla circolazione dei veicoli,manovra in retromarcia,https://www.patentati.it/img_sign_400/676.png
Norme sulla circolazione dei veicoli,pericolo o intralcio alla circolazione,无图片
Norme sulla circolazione dei veicoli,chi guida un veicolo,无图片
Norme sulla circolazione dei veicoli,carico sui veicoli,无图片
Norme sulla circolazione dei veicoli,uso corretto della strada,无图片
Norme sulla circolazione dei veicoli,prossimità di incrocio,无图片
Norme sulla circolazione dei veicoli,centro abitato e pedone,无图片
Norme sulla circolazione dei veicoli,corteo in centro abitato,无图片
Norme sulla circolazione dei veicoli,incrocio urbano,无图片
Norme sulla circolazione dei veicoli,strada extraurbana di notte,无图片
Norme sulla circolazione dei veicoli,evitare pericolo e intralcio,无图片
Norme sulla circolazione dei veicoli,condizioni di traffico intenso,无图片
Norme sulla circolazione dei veicoli,svolta a destra,无图片
Norme sulla circolazione dei veicoli,impegno delle corsie,https://www.patentati.it/img_sign_400/554.png
Norme sulla circolazione dei veicoli,cambio corsia,无图片
Norme sulla circolazione dei veicoli,svolta in carreggiata a doppio senso,无图片
Norme sulla circolazione dei veicoli,utilizzo corsie e file parallele,无图片
Norme sulla circolazione dei veicoli,attenzione nel cambio di corsia,无图片
Norme sulla circolazione dei veicoli,svolte e cambi di direzioni,无图片
Norme sulla circolazione dei veicoli,strada a doppio senso di marcia,无图片
Norme sulla circolazione dei veicoli,durante la marcia,无图片
Norme sulla circolazione dei veicoli,obbligo di precedenza,无图片
Norme sulla circolazione dei veicoli,vicinanza incrocio,无图片
Norme sulla circolazione dei veicoli,in corrispondenza di incroci,无图片
Norme sulla circolazione dei veicoli,proprietà privata,无图片
Norme sulla circolazione dei veicoli,svolta a destra di autotreno,无图片
Norme sulla circolazione dei veicoli,inversione di marcia del conducente,无图片
Norme sulla circolazione dei veicoli,manovre non consentite,无图片
Norme sulla circolazione dei veicoli,incroci con circolazione rotatoria,无图片
Norme sulla circolazione dei veicoli,arresto del veicolo,无图片
Norme sulla circolazione dei veicoli,auto della polizia,无图片
Norme sulla circolazione dei veicoli,immissione nel flusso della circolazione,无图片
Norme sulla circolazione dei veicoli,partenza dal margine della carreggiata,无图片
Norme sulla circolazione dei veicoli,retromarcia per immissione,https://www.patentati.it/img_sign_400/676.png
Norme sulla circolazione dei veicoli,arresto sul margine destro della carreggiata,无图片
Norme sulla circolazione dei veicoli,mancato rispetto delle norme,无图片
Norme sulla circolazione dei veicoli,utilizzo degl specchi retrovisori,无图片
Norme sulla circolazione dei veicoli,Posizione degli specchi retrovisori,无图片
Esempi di precedenza (ordine di precedenza agli incroci),precedenze incrocio di figura 642,https://www.patentati.it/img_sign_400/642.png
Esempi di precedenza (ordine di precedenza agli incroci),precedenze incrocio di figura 608,https://www.patentati.it/img_sign_400/608.png
Esempi di precedenza (ordine di precedenza agli incroci),precedenze incrocio di figura 615,https://www.patentati.it/img_sign_400/615.png
Esempi di precedenza (ordine di precedenza agli incroci),precedenze incrocio di figura 618,https://www.patentati.it/img_sign_400/618.png
Esempi di precedenza (ordine di precedenza agli incroci),precedenze incrocio di figura 662,https://www.patentati.it/img_sign_400/662.png
Esempi di precedenza (ordine di precedenza agli incroci),precedenze incrocio di figura 659,https://www.patentati.it/img_sign_400/659.png
Esempi di precedenza (ordine di precedenza agli incroci),precedenze incrocio di figura 640,https://www.patentati.it/img_sign_400/640.png
Esempi di precedenza (ordine di precedenza agli incroci),precedenze incrocio di figura 632,https://www.patentati.it/img_sign_400/632.png
Esempi di precedenza (ordine di precedenza agli incroci),precedenze incrocio di figura 646,https://www.patentati.it/img_sign_400/646.png
Esempi di precedenza (ordine di precedenza agli incroci),precedenze incrocio di figura 637,https://www.patentati.it/img_sign_400/637.png
Esempi di precedenza (ordine di precedenza agli incroci),precedenze incrocio di figura 643,https://www.patentati.it/img_sign_400/643.png
Esempi di precedenza (ordine di precedenza agli incroci),precedenze incrocio di figura 638,https://www.patentati.it/img_sign_400/638.png
Esempi di precedenza (ordine di precedenza agli incroci),precedenze incrocio di figura 667,https://www.patentati.it/img_sign_400/667.png
Esempi di precedenza (ordine di precedenza agli incroci),precedenze incrocio di figura 668,https://www.patentati.it/img_sign_400/668.png
Esempi di precedenza (ordine di precedenza agli incroci),precedenze incrocio di figura 610,https://www.patentati.it/img_sign_400/610.png
Esempi di precedenza (ordine di precedenza agli incroci),precedenze incrocio di figura 669,https://www.patentati.it/img_sign_400/669.png
Esempi di precedenza (ordine di precedenza agli incroci),precedenze incrocio di figura 665,https://www.patentati.it/img_sign_400/665.png
Esempi di precedenza (ordine di precedenza agli incroci),precedenze incrocio di figura 647,https://www.patentati.it/img_sign_400/647.png
Esempi di precedenza (ordine di precedenza agli incroci),precedenze incrocio di figura 655,https://www.patentati.it/img_sign_400/655.png
Esempi di precedenza (ordine di precedenza agli incroci),precedenze incrocio di figura 654,https://www.patentati.it/img_sign_400/654.png
Esempi di precedenza (ordine di precedenza agli incroci),precedenze incrocio di figura 613,https://www.patentati.it/img_sign_400/613.png
Esempi di precedenza (ordine di precedenza agli incroci),precedenze incrocio di figura 648,https://www.patentati.it/img_sign_400/648.png
Esempi di precedenza (ordine di precedenza agli incroci),precedenze incrocio di figura 650,https://www.patentati.it/img_sign_400/650.png
Esempi di precedenza (ordine di precedenza agli incroci),precedenze incrocio di figura 652,https://www.patentati.it/img_sign_400/652.png
Esempi di precedenza (ordine di precedenza agli incroci),precedenze incrocio di figura 617,https://www.patentati.it/img_sign_400/617.png
Esempi di precedenza (ordine di precedenza agli incroci),precedenze incrocio di figura 639,https://www.patentati.it/img_sign_400/639.png
Esempi di precedenza (ordine di precedenza agli incroci),precedenze incrocio di figura 651,https://www.patentati.it/img_sign_400/651.png
Esempi di precedenza (ordine di precedenza agli incroci),precedenze incrocio di figura 614,https://www.patentati.it/img_sign_400/614.png
Esempi di precedenza (ordine di precedenza agli incroci),precedenze incrocio di figura 664,https://www.patentati.it/img_sign_400/664.png
Esempi di precedenza (ordine di precedenza agli incroci),precedenze incrocio di figura 631,https://www.patentati.it/img_sign_400/631.png
Esempi di precedenza (ordine di precedenza agli incroci),precedenze incrocio di figura 663,https://www.patentati.it/img_sign_400/663.png
Esempi di precedenza (ordine di precedenza agli incroci),precedenze incrocio di figura 633,https://www.patentati.it/img_sign_400/633.png
Esempi di precedenza (ordine di precedenza agli incroci),precedenze incrocio di figura 607,https://www.patentati.it/img_sign_400/607.png
Esempi di precedenza (ordine di precedenza agli incroci),precedenze incrocio di figura 604,https://www.patentati.it/img_sign_400/604.png
Esempi di precedenza (ordine di precedenza agli incroci),precedenze incrocio di figura 636,https://www.patentati.it/img_sign_400/636.png
Esempi di precedenza (ordine di precedenza agli incroci),precedenze incrocio di figura 620,https://www.patentati.it/img_sign_400/620.png
Esempi di precedenza (ordine di precedenza agli incroci),precedenze incrocio di figura 616,https://www.patentati.it/img_sign_400/616.png
Esempi di precedenza (ordine di precedenza agli incroci),precedenze incrocio di figura 657,https://www.patentati.it/img_sign_400/657.png
Esempi di precedenza (ordine di precedenza agli incroci),precedenze incrocio di figura 660,https://www.patentati.it/img_sign_400/660.png
Esempi di precedenza (ordine di precedenza agli incroci),precedenze incrocio di figura 644,https://www.patentati.it/img_sign_400/644.png
Esempi di precedenza (ordine di precedenza agli incroci),precedenze incrocio di figura 606,https://www.patentati.it/img_sign_400/606.png
Esempi di precedenza (ordine di precedenza agli incroci),precedenze incrocio di figura 634,https://www.patentati.it/img_sign_400/634.png
Esempi di precedenza (ordine di precedenza agli incroci),precedenze incrocio di figura 661,https://www.patentati.it/img_sign_400/661.png
Norme sul sorpasso,conducente che intende sorpassare,无图片
Norme sul sorpasso,la manovra di sorpasso,无图片
Norme sul sorpasso,tram e sorpassi,无图片
Norme sul sorpasso,spazio necessario al sorpasso,无图片
Norme sul sorpasso,vietato il sorpasso,无图片
Norme sul sorpasso,sorpasso in prossimità di un dosso,无图片
Norme sul sorpasso,pericolosità del sorpasso,无图片
Norme sul sorpasso,conducente del veicolo da sorpassare,无图片
Norme sul sorpasso,norme generiche sul sorpasso,无图片
Norme sul sorpasso,sorpasso in autostrada,无图片
"Fermata, sosta, arresto e partenza",disco orario e parchimetro,无图片
"Fermata, sosta, arresto e partenza",conducente di autoveicolo in sosta,无图片
"Fermata, sosta, arresto e partenza",prima di iniziare a guidare,无图片
"Fermata, sosta, arresto e partenza",fermata del veicolo,无图片
"Fermata, sosta, arresto e partenza",durante la fermata,无图片
"Fermata, sosta, arresto e partenza",fermata fuori dai centri abitati,无图片
"Fermata, sosta, arresto e partenza",fermata vietata,无图片
"Fermata, sosta, arresto e partenza","fermate, cartelli e aree di intersezione",无图片
"Fermata, sosta, arresto e partenza",divieto di sosta e fermata,无图片
"Fermata, sosta, arresto e partenza",cautele durante la sosta,无图片
"Fermata, sosta, arresto e partenza",sosta fuori dai centri abitati,无图片
"Fermata, sosta, arresto e partenza",zone con spazi di sosta,无图片
"Fermata, sosta, arresto e partenza",zone in cui è vietata la sosta,无图片
"Fermata, sosta, arresto e partenza",zone di divieto di fermata e sosta,无图片
"Fermata, sosta, arresto e partenza",zone di sosta e fermata autobus,无图片
"Fermata, sosta, arresto e partenza",soste veicoli persone invalide,无图片
"Fermata, sosta, arresto e partenza",sosta e cassonetti rifiuti urbani,无图片
"Fermata, sosta, arresto e partenza","sosta, codice della strada e distributori",无图片
"Fermata, sosta, arresto e partenza",sosta e sottrazione punti,无图片
"Fermata, sosta, arresto e partenza",sosta di emergenza,无图片
"Fermata, sosta, arresto e partenza",discesa da veicolo,无图片
"Norme varie (ingombro della carreggiata, circolazione su autostrade e strade extraurbane principali, trasporto di persone, pannelli sui veicoli, etc.)",ingombro carreggiata caduta carico,无图片
"Norme varie (ingombro della carreggiata, circolazione su autostrade e strade extraurbane principali, trasporto di persone, pannelli sui veicoli, etc.)",ingombro per avaria,无图片
"Norme varie (ingombro della carreggiata, circolazione su autostrade e strade extraurbane principali, trasporto di persone, pannelli sui veicoli, etc.)",caduta o spargimento di materie pericolose,无图片
"Norme varie (ingombro della carreggiata, circolazione su autostrade e strade extraurbane principali, trasporto di persone, pannelli sui veicoli, etc.)",segnale mobile triangolare,无图片
"Norme varie (ingombro della carreggiata, circolazione su autostrade e strade extraurbane principali, trasporto di persone, pannelli sui veicoli, etc.)",posizione del triangolo,无图片
"Norme varie (ingombro della carreggiata, circolazione su autostrade e strade extraurbane principali, trasporto di persone, pannelli sui veicoli, etc.)",giubbotto ad alta visibilità,无图片
"Norme varie (ingombro della carreggiata, circolazione su autostrade e strade extraurbane principali, trasporto di persone, pannelli sui veicoli, etc.)",divieto circolazione,无图片
"Norme varie (ingombro della carreggiata, circolazione su autostrade e strade extraurbane principali, trasporto di persone, pannelli sui veicoli, etc.)",traino di veicoli in avaria,无图片
"Norme varie (ingombro della carreggiata, circolazione su autostrade e strade extraurbane principali, trasporto di persone, pannelli sui veicoli, etc.)",aree di servizio,无图片
"Norme varie (ingombro della carreggiata, circolazione su autostrade e strade extraurbane principali, trasporto di persone, pannelli sui veicoli, etc.)",uso proiettori anabbaglianti,无图片
"Norme varie (ingombro della carreggiata, circolazione su autostrade e strade extraurbane principali, trasporto di persone, pannelli sui veicoli, etc.)",retromarcia e inversione di marcia,无图片
"Norme varie (ingombro della carreggiata, circolazione su autostrade e strade extraurbane principali, trasporto di persone, pannelli sui veicoli, etc.)","ingorgo, uscita e immissione",无图片
"Norme varie (ingombro della carreggiata, circolazione su autostrade e strade extraurbane principali, trasporto di persone, pannelli sui veicoli, etc.)",rampe e svincoli autostradali,无图片
"Norme varie (ingombro della carreggiata, circolazione su autostrade e strade extraurbane principali, trasporto di persone, pannelli sui veicoli, etc.)",automobilista fermo in autostrada,无图片
"Norme varie (ingombro della carreggiata, circolazione su autostrade e strade extraurbane principali, trasporto di persone, pannelli sui veicoli, etc.)",trasporto animali e persone,无图片
"Norme varie (ingombro della carreggiata, circolazione su autostrade e strade extraurbane principali, trasporto di persone, pannelli sui veicoli, etc.)",trasporto e traino motocicli,无图片
"Norme varie (ingombro della carreggiata, circolazione su autostrade e strade extraurbane principali, trasporto di persone, pannelli sui veicoli, etc.)",sistemazione carico veicoli,无图片
"Norme varie (ingombro della carreggiata, circolazione su autostrade e strade extraurbane principali, trasporto di persone, pannelli sui veicoli, etc.)",sporgenza del carico,无图片
"Norme varie (ingombro della carreggiata, circolazione su autostrade e strade extraurbane principali, trasporto di persone, pannelli sui veicoli, etc.)",sporgenza longitudinale,https://www.patentati.it/img_sign_400/302.png
"Norme varie (ingombro della carreggiata, circolazione su autostrade e strade extraurbane principali, trasporto di persone, pannelli sui veicoli, etc.)",pannelli gialli e arancioni,https://www.patentati.it/img_sign_400/303.png
"Norme varie (ingombro della carreggiata, circolazione su autostrade e strade extraurbane principali, trasporto di persone, pannelli sui veicoli, etc.)",regole di traino veicoli,无图片
"Norme varie (ingombro della carreggiata, circolazione su autostrade e strade extraurbane principali, trasporto di persone, pannelli sui veicoli, etc.)",ciclisti e velocipedi,无图片
"Norme varie (ingombro della carreggiata, circolazione su autostrade e strade extraurbane principali, trasporto di persone, pannelli sui veicoli, etc.)",conducente di autovettura e autoveicolo,无图片
"Norme varie (ingombro della carreggiata, circolazione su autostrade e strade extraurbane principali, trasporto di persone, pannelli sui veicoli, etc.)",rischi su strade extraurbane,无图片
"Norme varie (ingombro della carreggiata, circolazione su autostrade e strade extraurbane principali, trasporto di persone, pannelli sui veicoli, etc.)",massa dei veicoli,无图片
"Norme varie (ingombro della carreggiata, circolazione su autostrade e strade extraurbane principali, trasporto di persone, pannelli sui veicoli, etc.)",conducente di fuoristrada,无图片
"Norme varie (ingombro della carreggiata, circolazione su autostrade e strade extraurbane principali, trasporto di persone, pannelli sui veicoli, etc.)",valutazioni di pericolo,无图片
"Norme varie (ingombro della carreggiata, circolazione su autostrade e strade extraurbane principali, trasporto di persone, pannelli sui veicoli, etc.)",campo di visibilità,无图片
"Norme varie (ingombro della carreggiata, circolazione su autostrade e strade extraurbane principali, trasporto di persone, pannelli sui veicoli, etc.)",circolazione autocarri,无图片
"Norme varie (ingombro della carreggiata, circolazione su autostrade e strade extraurbane principali, trasporto di persone, pannelli sui veicoli, etc.)",giubbotto retroriflettente,无图片
"Norme varie (ingombro della carreggiata, circolazione su autostrade e strade extraurbane principali, trasporto di persone, pannelli sui veicoli, etc.)",circolazione dietro ad un veicolo,无图片
"Norme varie (ingombro della carreggiata, circolazione su autostrade e strade extraurbane principali, trasporto di persone, pannelli sui veicoli, etc.)",traino di rimorchio,无图片
"Norme varie (ingombro della carreggiata, circolazione su autostrade e strade extraurbane principali, trasporto di persone, pannelli sui veicoli, etc.)",numero persone trasportabili,无图片
"Norme varie (ingombro della carreggiata, circolazione su autostrade e strade extraurbane principali, trasporto di persone, pannelli sui veicoli, etc.)",pannello carichi sporgenti,https://www.patentati.it/img_sign_400/302.png
"Norme varie (ingombro della carreggiata, circolazione su autostrade e strade extraurbane principali, trasporto di persone, pannelli sui veicoli, etc.)",Comportamenti ala guida di caravan,无图片
"Norme varie (ingombro della carreggiata, circolazione su autostrade e strade extraurbane principali, trasporto di persone, pannelli sui veicoli, etc.)",Dotazione del rimorchio,无图片
"Norme varie (ingombro della carreggiata, circolazione su autostrade e strade extraurbane principali, trasporto di persone, pannelli sui veicoli, etc.)",Conduzione di veicoli con rimorchio,无图片
"Norme varie (ingombro della carreggiata, circolazione su autostrade e strade extraurbane principali, trasporto di persone, pannelli sui veicoli, etc.)",Guida di veicoli con rimorchio,无图片
"Norme varie (ingombro della carreggiata, circolazione su autostrade e strade extraurbane principali, trasporto di persone, pannelli sui veicoli, etc.)",Carichi e organi di traino,无图片
"Norme varie (ingombro della carreggiata, circolazione su autostrade e strade extraurbane principali, trasporto di persone, pannelli sui veicoli, etc.)",utilizzo del rimorchio,无图片
"Uso delle luci e dei dispositivi acustici, spie e simboli",luci anabbaglianti,无图片
"Uso delle luci e dei dispositivi acustici, spie e simboli",dispositivi da utilizzare durante la marcia,无图片
"Uso delle luci e dei dispositivi acustici, spie e simboli",obbligo anabbaglianti,无图片
"Uso delle luci e dei dispositivi acustici, spie e simboli",uso luci anabbaglianti,无图片
"Uso delle luci e dei dispositivi acustici, spie e simboli",catadiottri,无图片
"Uso delle luci e dei dispositivi acustici, spie e simboli",funzione dei catadiottri,无图片
"Uso delle luci e dei dispositivi acustici, spie e simboli",targa posteriore del veicolo,无图片
"Uso delle luci e dei dispositivi acustici, spie e simboli",spie dell'auto,无图片
"Uso delle luci e dei dispositivi acustici, spie e simboli",simbolo abbaglianti,https://www.patentati.it/img_sign_400/695.png
"Uso delle luci e dei dispositivi acustici, spie e simboli",simbolo fari anabbaglianti,https://www.patentati.it/img_sign_400/696.png
"Uso delle luci e dei dispositivi acustici, spie e simboli",simbolo indicatori di direzione,https://www.patentati.it/img_sign_400/697.png
"Uso delle luci e dei dispositivi acustici, spie e simboli",simbolo quattro frecce,https://www.patentati.it/img_sign_400/698.png
"Uso delle luci e dei dispositivi acustici, spie e simboli",utilizzo degli indicatori di direzione,无图片
"Uso delle luci e dei dispositivi acustici, spie e simboli",necessità nell'utilizzo degli indicatori di direzione,无图片
"Uso delle luci e dei dispositivi acustici, spie e simboli",Uso degli abbaglianti,无图片
"Uso delle luci e dei dispositivi acustici, spie e simboli",uso intermittente dei proiettori di profondità,无图片
"Uso delle luci e dei dispositivi acustici, spie e simboli",uso dei proiettori al di fuori dei centri abitati,无图片
"Uso delle luci e dei dispositivi acustici, spie e simboli",spia temperatura liquido raffreddamento,https://www.patentati.it/img_sign_400/704.png
"Uso delle luci e dei dispositivi acustici, spie e simboli",spia della batteria,https://www.patentati.it/img_sign_400/705.png
"Uso delle luci e dei dispositivi acustici, spie e simboli",spia pressione dell'olio,https://www.patentati.it/img_sign_400/706.png
"Uso delle luci e dei dispositivi acustici, spie e simboli",spia impianto frenante,https://www.patentati.it/img_sign_400/721.png
"Uso delle luci e dei dispositivi acustici, spie e simboli",Simbolo cinture sicurezza,https://www.patentati.it/img_sign_400/707.png
"Dispositivi di equipaggiamento, funzione ed uso: cinture di sicurezza, sistemi di ritenuta per bambini, casco protettivo e abbigliamento di sicurezza",uso cintura sicurezza,无图片
"Dispositivi di equipaggiamento, funzione ed uso: cinture di sicurezza, sistemi di ritenuta per bambini, casco protettivo e abbigliamento di sicurezza",veicoli con airbag,无图片
"Dispositivi di equipaggiamento, funzione ed uso: cinture di sicurezza, sistemi di ritenuta per bambini, casco protettivo e abbigliamento di sicurezza",poggiatesta,无图片
"Dispositivi di equipaggiamento, funzione ed uso: cinture di sicurezza, sistemi di ritenuta per bambini, casco protettivo e abbigliamento di sicurezza",situazioni particolari di sicurezza,无图片
"Dispositivi di equipaggiamento, funzione ed uso: cinture di sicurezza, sistemi di ritenuta per bambini, casco protettivo e abbigliamento di sicurezza",casco obbligatorio,无图片
"Dispositivi di equipaggiamento, funzione ed uso: cinture di sicurezza, sistemi di ritenuta per bambini, casco protettivo e abbigliamento di sicurezza",Scopo e utilizzo delle cinture di sicurezza,无图片
"Dispositivi di equipaggiamento, funzione ed uso: cinture di sicurezza, sistemi di ritenuta per bambini, casco protettivo e abbigliamento di sicurezza",sistemi per trasporto di bambini,无图片
"Dispositivi di equipaggiamento, funzione ed uso: cinture di sicurezza, sistemi di ritenuta per bambini, casco protettivo e abbigliamento di sicurezza",caratteristiche dell'airbag,无图片
"Dispositivi di equipaggiamento, funzione ed uso: cinture di sicurezza, sistemi di ritenuta per bambini, casco protettivo e abbigliamento di sicurezza",utilizzo del casco,无图片
"Dispositivi di equipaggiamento, funzione ed uso: cinture di sicurezza, sistemi di ritenuta per bambini, casco protettivo e abbigliamento di sicurezza",stivali ad uso motociclistico,无图片
"Dispositivi di equipaggiamento, funzione ed uso: cinture di sicurezza, sistemi di ritenuta per bambini, casco protettivo e abbigliamento di sicurezza",guanti ad uso motociclistico,无图片
"Dispositivi di equipaggiamento, funzione ed uso: cinture di sicurezza, sistemi di ritenuta per bambini, casco protettivo e abbigliamento di sicurezza",giacche e indumenti ad uso motociclistico,无图片
"Patenti di guida, sistema sanzionatorio, documenti di circolazione, obblighi verso agenti, uso di lenti e altri apparecchi",veicoli su strade pubbliche,无图片
"Patenti di guida, sistema sanzionatorio, documenti di circolazione, obblighi verso agenti, uso di lenti e altri apparecchi",documenti per la circolazione,无图片
"Patenti di guida, sistema sanzionatorio, documenti di circolazione, obblighi verso agenti, uso di lenti e altri apparecchi",targhe dei veicoli,无图片
"Patenti di guida, sistema sanzionatorio, documenti di circolazione, obblighi verso agenti, uso di lenti e altri apparecchi",Abilitazioni patente AM,无图片
"Patenti di guida, sistema sanzionatorio, documenti di circolazione, obblighi verso agenti, uso di lenti e altri apparecchi",Patente di categoria A1,无图片
"Patenti di guida, sistema sanzionatorio, documenti di circolazione, obblighi verso agenti, uso di lenti e altri apparecchi",Patente categoria A2,无图片
"Patenti di guida, sistema sanzionatorio, documenti di circolazione, obblighi verso agenti, uso di lenti e altri apparecchi",Patente di categoria A,无图片
"Patenti di guida, sistema sanzionatorio, documenti di circolazione, obblighi verso agenti, uso di lenti e altri apparecchi",Patente categoria B1,无图片
"Patenti di guida, sistema sanzionatorio, documenti di circolazione, obblighi verso agenti, uso di lenti e altri apparecchi",Patente di categoria B,无图片
"Patenti di guida, sistema sanzionatorio, documenti di circolazione, obblighi verso agenti, uso di lenti e altri apparecchi",Codice armonizzato 96,无图片
"Patenti di guida, sistema sanzionatorio, documenti di circolazione, obblighi verso agenti, uso di lenti e altri apparecchi",Patente di categoria BE,无图片
"Patenti di guida, sistema sanzionatorio, documenti di circolazione, obblighi verso agenti, uso di lenti e altri apparecchi",Ritiro patente di guida,无图片
"Patenti di guida, sistema sanzionatorio, documenti di circolazione, obblighi verso agenti, uso di lenti e altri apparecchi",revisione della patente di guida,无图片
"Patenti di guida, sistema sanzionatorio, documenti di circolazione, obblighi verso agenti, uso di lenti e altri apparecchi",revoca patente di guida,无图片
"Patenti di guida, sistema sanzionatorio, documenti di circolazione, obblighi verso agenti, uso di lenti e altri apparecchi",sospensione patente di guida,无图片
"Patenti di guida, sistema sanzionatorio, documenti di circolazione, obblighi verso agenti, uso di lenti e altri apparecchi",violazioni e decurtazione punti patente,无图片
"Patenti di guida, sistema sanzionatorio, documenti di circolazione, obblighi verso agenti, uso di lenti e altri apparecchi",perdita punti patente,无图片
"Patenti di guida, sistema sanzionatorio, documenti di circolazione, obblighi verso agenti, uso di lenti e altri apparecchi",Validità delle patenti di guida,无图片
Incidenti stradali e comportamenti in caso di incidente,causa probabile di incidenti,无图片
Incidenti stradali e comportamenti in caso di incidente,caso di pioggia,无图片
Incidenti stradali e comportamenti in caso di incidente,aquaplanning,无图片
Incidenti stradali e comportamenti in caso di incidente,strade coperte di neve,无图片
Incidenti stradali e comportamenti in caso di incidente,tratti di strada ghiacciati,无图片
Incidenti stradali e comportamenti in caso di incidente,nebbia fitta,无图片
Incidenti stradali e comportamenti in caso di incidente,obblighi dopo incidente stradale,无图片
Incidenti stradali e comportamenti in caso di incidente,salita e discesa passeggero,无图片
Incidenti stradali e comportamenti in caso di incidente,infossamento,无图片
Incidenti stradali e comportamenti in caso di incidente,tamponamenti stradali,无图片
Incidenti stradali e comportamenti in caso di incidente,pannelli in galleria,无图片
"Guida in relazione alle qualità e condizioni fisiche e psichiche, alcool, droga, farmaci e primo soccorso",segni di stanchezza,无图片
"Guida in relazione alle qualità e condizioni fisiche e psichiche, alcool, droga, farmaci e primo soccorso",eccesso di bevande alcoliche,无图片
"Guida in relazione alle qualità e condizioni fisiche e psichiche, alcool, droga, farmaci e primo soccorso",idoneità alla guida,无图片
"Guida in relazione alle qualità e condizioni fisiche e psichiche, alcool, droga, farmaci e primo soccorso",assunzione di droghe,无图片
"Guida in relazione alle qualità e condizioni fisiche e psichiche, alcool, droga, farmaci e primo soccorso",guida e alimentazione,无图片
"Guida in relazione alle qualità e condizioni fisiche e psichiche, alcool, droga, farmaci e primo soccorso",guida in stato di ebbrezza,无图片
"Guida in relazione alle qualità e condizioni fisiche e psichiche, alcool, droga, farmaci e primo soccorso",soccorso ferito,无图片
"Guida in relazione alle qualità e condizioni fisiche e psichiche, alcool, droga, farmaci e primo soccorso",primo soccorso,无图片
"Guida in relazione alle qualità e condizioni fisiche e psichiche, alcool, droga, farmaci e primo soccorso",infortunato con ferita sanguinante,无图片
"Guida in relazione alle qualità e condizioni fisiche e psichiche, alcool, droga, farmaci e primo soccorso",emorragia esterna,无图片
"Guida in relazione alle qualità e condizioni fisiche e psichiche, alcool, droga, farmaci e primo soccorso",corpo estraneo nell'occhio,无图片
"Guida in relazione alle qualità e condizioni fisiche e psichiche, alcool, droga, farmaci e primo soccorso",stato di shock,无图片
"Guida in relazione alle qualità e condizioni fisiche e psichiche, alcool, droga, farmaci e primo soccorso",ferito in stato di shock,无图片
"Guida in relazione alle qualità e condizioni fisiche e psichiche, alcool, droga, farmaci e primo soccorso",ferito in stato di incoscienza,无图片
"Guida in relazione alle qualità e condizioni fisiche e psichiche, alcool, droga, farmaci e primo soccorso",infortunato della strada,无图片
"Guida in relazione alle qualità e condizioni fisiche e psichiche, alcool, droga, farmaci e primo soccorso",infortunato con fratture agli arti,无图片
"Guida in relazione alle qualità e condizioni fisiche e psichiche, alcool, droga, farmaci e primo soccorso",ferito ustionato,无图片
"Guida in relazione alle qualità e condizioni fisiche e psichiche, alcool, droga, farmaci e primo soccorso",attività del soccorritore,无图片
"Guida in relazione alle qualità e condizioni fisiche e psichiche, alcool, droga, farmaci e primo soccorso",cause di shock,无图片
"Guida in relazione alle qualità e condizioni fisiche e psichiche, alcool, droga, farmaci e primo soccorso",assunzione di alcool,无图片
"Guida in relazione alle qualità e condizioni fisiche e psichiche, alcool, droga, farmaci e primo soccorso",occhiali e lenti a contatto,无图片
"Responsabilità civile, penale e amministrativa, assicurazione r.c.a. e altre forme assicurative legate al veicolo",risarcimento danni,无图片
"Responsabilità civile, penale e amministrativa, assicurazione r.c.a. e altre forme assicurative legate al veicolo",responsabile di un sinistro stradale,无图片
"Responsabilità civile, penale e amministrativa, assicurazione r.c.a. e altre forme assicurative legate al veicolo",responsabilità penale,无图片
"Responsabilità civile, penale e amministrativa, assicurazione r.c.a. e altre forme assicurative legate al veicolo",casi di responsabilità penale,无图片
"Responsabilità civile, penale e amministrativa, assicurazione r.c.a. e altre forme assicurative legate al veicolo",responsabilità civile,无图片
"Responsabilità civile, penale e amministrativa, assicurazione r.c.a. e altre forme assicurative legate al veicolo",assicurazione RCA,无图片
"Responsabilità civile, penale e amministrativa, assicurazione r.c.a. e altre forme assicurative legate al veicolo",responsabilità per danni,无图片
"Responsabilità civile, penale e amministrativa, assicurazione r.c.a. e altre forme assicurative legate al veicolo",assicurazione scaduta,无图片
"Responsabilità civile, penale e amministrativa, assicurazione r.c.a. e altre forme assicurative legate al veicolo",fondo garanzia vittime strada,无图片
"Responsabilità civile, penale e amministrativa, assicurazione r.c.a. e altre forme assicurative legate al veicolo",furto e incendio,无图片
"Responsabilità civile, penale e amministrativa, assicurazione r.c.a. e altre forme assicurative legate al veicolo",massimali della polizza RCA,无图片
"Responsabilità civile, penale e amministrativa, assicurazione r.c.a. e altre forme assicurative legate al veicolo",formula bonus malus,无图片
"Responsabilità civile, penale e amministrativa, assicurazione r.c.a. e altre forme assicurative legate al veicolo",coperture dell'assicurazione,无图片
"Responsabilità civile, penale e amministrativa, assicurazione r.c.a. e altre forme assicurative legate al veicolo",assicurazioni e imprese assicuratrici,无图片
"Responsabilità civile, penale e amministrativa, assicurazione r.c.a. e altre forme assicurative legate al veicolo",psicologia del traffico,无图片
"Limitazione dei consumi, rispetto dell'ambiente e inquinamento",consumi di carburante,无图片
"Limitazione dei consumi, rispetto dell'ambiente e inquinamento",rumori fastidiosi,无图片
"Limitazione dei consumi, rispetto dell'ambiente e inquinamento",rumore dei veicoli a motore,无图片
"Limitazione dei consumi, rispetto dell'ambiente e inquinamento",diminuire il rumore,无图片
"Limitazione dei consumi, rispetto dell'ambiente e inquinamento",rimorchi e pneumatici,无图片
"Limitazione dei consumi, rispetto dell'ambiente e inquinamento",inquinamento dell'aria,无图片
"Limitazione dei consumi, rispetto dell'ambiente e inquinamento",inquinamento atmosferico,无图片
"Limitazione dei consumi, rispetto dell'ambiente e inquinamento",iniettori e fumi di scarico,无图片
"Limitazione dei consumi, rispetto dell'ambiente e inquinamento",accorgimenti per ridurre inquinamento,无图片
"Limitazione dei consumi, rispetto dell'ambiente e inquinamento",sostituzione filtri,无图片
"Limitazione dei consumi, rispetto dell'ambiente e inquinamento",salvaguardare l'ambiente,无图片
"Limitazione dei consumi, rispetto dell'ambiente e inquinamento",aumento e limitazione dei consumi,无图片
"Limitazione dei consumi, rispetto dell'ambiente e inquinamento",veicoli modificati,无图片
"Limitazione dei consumi, rispetto dell'ambiente e inquinamento",scarico e smaltimento,无图片
"Limitazione dei consumi, rispetto dell'ambiente e inquinamento",divieti generici,无图片
"Elementi costitutivi del veicolo, manutenzione ed uso, stabilità e tenuta di strada, comportamenti e cautele di guida",la forza aderente,无图片
"Elementi costitutivi del veicolo, manutenzione ed uso, stabilità e tenuta di strada, comportamenti e cautele di guida",aumento della forza aderente,无图片
"Elementi costitutivi del veicolo, manutenzione ed uso, stabilità e tenuta di strada, comportamenti e cautele di guida",coefficiente di aderenza,无图片
"Elementi costitutivi del veicolo, manutenzione ed uso, stabilità e tenuta di strada, comportamenti e cautele di guida",coefficiente basso di aderenza,无图片
"Elementi costitutivi del veicolo, manutenzione ed uso, stabilità e tenuta di strada, comportamenti e cautele di guida",conduzione del motociclo,无图片
"Elementi costitutivi del veicolo, manutenzione ed uso, stabilità e tenuta di strada, comportamenti e cautele di guida",asfalto e forza aderente,无图片
"Elementi costitutivi del veicolo, manutenzione ed uso, stabilità e tenuta di strada, comportamenti e cautele di guida",percorrenza di una curva,无图片
"Elementi costitutivi del veicolo, manutenzione ed uso, stabilità e tenuta di strada, comportamenti e cautele di guida",ribaltamento in curva,无图片
"Elementi costitutivi del veicolo, manutenzione ed uso, stabilità e tenuta di strada, comportamenti e cautele di guida",forza ribaltante,无图片
"Elementi costitutivi del veicolo, manutenzione ed uso, stabilità e tenuta di strada, comportamenti e cautele di guida",funzioni del ABS,无图片
"Elementi costitutivi del veicolo, manutenzione ed uso, stabilità e tenuta di strada, comportamenti e cautele di guida",pressione gonfiaggio,无图片
"Elementi costitutivi del veicolo, manutenzione ed uso, stabilità e tenuta di strada, comportamenti e cautele di guida",pneumatici tubeless,无图片
"Elementi costitutivi del veicolo, manutenzione ed uso, stabilità e tenuta di strada, comportamenti e cautele di guida",pneumatici da neve,无图片
"Elementi costitutivi del veicolo, manutenzione ed uso, stabilità e tenuta di strada, comportamenti e cautele di guida",sostituzione ruota,无图片
"Elementi costitutivi del veicolo, manutenzione ed uso, stabilità e tenuta di strada, comportamenti e cautele di guida",frenate di emergenza,无图片
"Elementi costitutivi del veicolo, manutenzione ed uso, stabilità e tenuta di strada, comportamenti e cautele di guida",rischio incendio del veicolo,无图片
"Elementi costitutivi del veicolo, manutenzione ed uso, stabilità e tenuta di strada, comportamenti e cautele di guida",varie di manutenzione,无图片
"Elementi costitutivi del veicolo, manutenzione ed uso, stabilità e tenuta di strada, comportamenti e cautele di guida",pulizia dei cristalli,无图片
"Elementi costitutivi del veicolo, manutenzione ed uso, stabilità e tenuta di strada, comportamenti e cautele di guida",condizioni dei pneumatici,无图片
"Elementi costitutivi del veicolo, manutenzione ed uso, stabilità e tenuta di strada, comportamenti e cautele di guida",frenata e freno di stazionamento,无图片
"Elementi costitutivi del veicolo, manutenzione ed uso, stabilità e tenuta di strada, comportamenti e cautele di guida",frenatura poco efficiente,无图片
"Elementi costitutivi del veicolo, manutenzione ed uso, stabilità e tenuta di strada, comportamenti e cautele di guida",sospensioni veicolo a motore,无图片
"Elementi costitutivi del veicolo, manutenzione ed uso, stabilità e tenuta di strada, comportamenti e cautele di guida",cause sospensioni inefficienti,无图片
"Elementi costitutivi del veicolo, manutenzione ed uso, stabilità e tenuta di strada, comportamenti e cautele di guida",ammortizzatori e sovraccarico,无图片
"Elementi costitutivi del veicolo, manutenzione ed uso, stabilità e tenuta di strada, comportamenti e cautele di guida",ammortizzatori nei veicoli a motore,无图片
"Elementi costitutivi del veicolo, manutenzione ed uso, stabilità e tenuta di strada, comportamenti e cautele di guida",Sterzo e servosterzo,无图片
"Elementi costitutivi del veicolo, manutenzione ed uso, stabilità e tenuta di strada, comportamenti e cautele di guida",impianto di scarico,无图片
"Elementi costitutivi del veicolo, manutenzione ed uso, stabilità e tenuta di strada, comportamenti e cautele di guida",interruttore di emergenza,无图片
"Elementi costitutivi del veicolo, manutenzione ed uso, stabilità e tenuta di strada, comportamenti e cautele di guida",catena di trasmissione,无图片
"Elementi costitutivi del veicolo, manutenzione ed uso, stabilità e tenuta di strada, comportamenti e cautele di guida",Livello olio e liquidi,无图片
